{"mean":{"confidence_interval":{"confidence_level":0.95,"lower_bound":160233.17158076598,"upper_bound":163162.30945217054},"point_estimate":161306.79602580392,"standard_error":840.3181851890995},"median":{"confidence_interval":{"confidence_level":0.95,"lower_bound":160234.28021978022,"upper_bound":160718.63752665246},"point_estimate":160477.90571428573,"standard_error":128.8044441104688},"median_abs_dev":{"confidence_interval":{"confidence_level":0.95,"lower_bound":905.378129179943,"upper_bound":1630.3426434693922},"point_estimate":1354.216942645361,"standard_error":185.78768979358804},"slope":{"confidence_interval":{"confidence_level":0.95,"lower_bound":160399.37162419935,"upper_bound":164171.06902626998},"point_estimate":161663.61481221896,"standard_error":1081.1564584803768},"std_dev":{"confidence_interval":{"confidence_level":0.95,"lower_bound":1351.786324849717,"upper_bound":14363.32606759193},"point_estimate":8456.344004645402,"standard_error":4557.390284023136}}