{"mean":{"confidence_interval":{"confidence_level":0.95,"lower_bound":26068.57194153112,"upper_bound":26129.368394485147},"point_estimate":26099.06064190558,"standard_error":15.445655398175282},"median":{"confidence_interval":{"confidence_level":0.95,"lower_bound":26063.53459252971,"upper_bound":26123.623011015912},"point_estimate":26088.837651994436,"standard_error":17.785626257508763},"median_abs_dev":{"confidence_interval":{"confidence_level":0.95,"lower_bound":90.44463190100363,"upper_bound":168.30894020268804},"point_estimate":116.60329378953206,"standard_error":19.47498725830236},"slope":{"confidence_interval":{"confidence_level":0.95,"lower_bound":26056.375535909978,"upper_bound":26108.696823402574},"point_estimate":26082.58646737651,"standard_error":13.347375805224026},"std_dev":{"confidence_interval":{"confidence_level":0.95,"lower_bound":130.2846282900451,"upper_bound":177.35465452059128},"point_estimate":154.99120380791896,"standard_error":12.055707572370165}}